2,mtz_lazy,mtz_lazy_no2
random1012484,348.000000,403.000000
random1716955679,99.000000,380.000000
random1792309082,182.000000,170.000000
