3,benders,benders_callback,hard_fixing
random1012484,0.000000,0.000000,0.000000
random1716955679,1.000000,0.000000,0.000000
random1792309082,0.000000,1.000000,0.000000
