2,grasp,grasp
a280,10000.000000,10000.000000
