2,mtz_lazy,mtz_lazy_deg3
random1012484,69.000000,64.000000
random1716955679,49.000000,50.000000
random1792309082,32.000000,10.000000
