3,mtz_static,mtz_lazy,mtz_indicator
random1012484,3934.000000,1069.000000,7120.000000
random1716955679,7591.000000,1481.000000,13773.000000
random1792309082,1018.000000,467.000000,2078.000000
