2,BENDERS,BENDERS_CALLBACK
random903823376,23.900000,12.726000
random1025365682,12.777000,6.162000
random629693592,36.139000,18.709000
random1067264857,5.849000,2.952000
random1136756132,30.780000,13.935000
