2,benders,hard_fixing
random1012484,5.000000,10.000000
