2,grasp,grasp
a280,2.000000,2.000000
