4,mtz_static,mtz_lazy,gg_lazy,benders
random10124,0.000000,1.000000,0.000000,0.000000
