2,greedy,grasp
random1012484,25.000000,0.000000
