3,benders,benders_callback,
random1012484,281.000000,221.000000,37.000000
